<?xml version="1.0" encoding="UTF-8"?>
<project-private xmlns="http://www.netbeans.org/ns/project-private/1">
    <editor-bookmarks xmlns="http://www.netbeans.org/ns/editor-bookmarks/2" lastBookmarkId="0"/>
    <open-files xmlns="http://www.netbeans.org/ns/projectui-open-files/2">
        <group>
            <file>file:/C:/Users/User/Documents/NetBeansProjects/JavaApplication12/src/javaapplication12/mysolution_2_1803078.java</file>
            <file>file:/C:/Users/User/Documents/NetBeansProjects/JavaApplication12/src/javaapplication12/mysolution_3_1803078.java</file>
            <file>file:/C:/Users/User/Documents/NetBeansProjects/JavaApplication12/src/javaapplication12/mysolution_1_1803078.java</file>
        </group>
    </open-files>
</project-private>
