<?xml version="1.0" encoding="UTF-8"?>
<project-private xmlns="http://www.netbeans.org/ns/project-private/1">
    <editor-bookmarks xmlns="http://www.netbeans.org/ns/editor-bookmarks/2" lastBookmarkId="0"/>
    <open-files xmlns="http://www.netbeans.org/ns/projectui-open-files/2">
        <group>
            <file>file:/C:/Users/User/Documents/NetBeansProjects/Algorithm/src/algorithm/s1803078__lab_5_greedy_knapsac.java</file>
            <file>file:/C:/Users/User/Documents/NetBeansProjects/Algorithm/src/algorithm/NQueens.java</file>
            <file>file:/C:/Users/User/Documents/NetBeansProjects/Algorithm/src/algorithm/d1803078_Merge_and_Quick_sort.java</file>
            <file>file:/C:/Users/User/Documents/NetBeansProjects/Algorithm/src/algorithm/Bubble_sort_Lab_7.java</file>
            <file>file:/C:/Users/User/Documents/NetBeansProjects/Algorithm/src/algorithm/s1803078__code2_Max_Min.java</file>
            <file>file:/C:/Users/User/Documents/NetBeansProjects/Algorithm/src/algorithm/shift_chipper_encription.java</file>
            <file>file:/C:/Users/User/Documents/NetBeansProjects/Algorithm/src/algorithm/dijkstra_heap_1803078.java</file>
            <file>file:/C:/Users/User/Documents/NetBeansProjects/Algorithm/src/algorithm/NewClass2.java</file>
            <file>file:/C:/Users/User/Documents/NetBeansProjects/Algorithm/src/algorithm/DijkstraPriorityQueue.java</file>
            <file>file:/C:/Users/User/Documents/NetBeansProjects/Algorithm/src/algorithm/quicksort.java</file>
            <file>file:/C:/Users/User/Documents/NetBeansProjects/Algorithm/src/algorithm/inputDataCreat.java</file>
            <file>file:/C:/Users/User/Documents/NetBeansProjects/Algorithm/src/algorithm/_1803078_nqueens.java</file>
            <file>file:/C:/Users/User/Documents/NetBeansProjects/Algorithm/src/algorithm/Dijkstra.java</file>
            <file>file:/C:/Users/User/Documents/NetBeansProjects/Algorithm/src/algorithm/DijkstraPQ.java</file>
            <file>file:/C:/Users/User/Documents/NetBeansProjects/Algorithm/src/algorithm/NQueen.java</file>
            <file>file:/C:/Users/User/Documents/NetBeansProjects/Algorithm/src/algorithm/NewClass3.java</file>
            <file>file:/C:/Users/User/Documents/NetBeansProjects/Algorithm/src/algorithm/Counting_Sort_Lab_7.java</file>
            <file>file:/C:/Users/User/Documents/NetBeansProjects/Algorithm/src/algorithm/Dijksta_PQ.java</file>
            <file>file:/C:/Users/User/Documents/NetBeansProjects/Algorithm/src/algorithm/parenthesis_balanced_checking.java</file>
            <file>file:/C:/Users/User/Documents/NetBeansProjects/Algorithm/src/algorithm/dijkstra_myself.java</file>
            <file>file:/C:/Users/User/Documents/NetBeansProjects/Algorithm/src/algorithm/BinarySearchIterativeAndRecursive.java</file>
            <file>file:/C:/Users/User/Documents/NetBeansProjects/Algorithm/src/algorithm/Dijkstra_adjacencylist.java</file>
            <file>file:/C:/Users/User/Documents/NetBeansProjects/Algorithm/src/algorithm/s1803078__Algorithm_2_fibonacci.java</file>
            <file>file:/C:/Users/User/Documents/NetBeansProjects/Algorithm/src/algorithm/s1803078__Algorithm_1.java</file>
            <file>file:/C:/Users/User/Documents/NetBeansProjects/Algorithm/src/algorithm/NewClass1.java</file>
            <file>file:/C:/Users/User/Documents/NetBeansProjects/Algorithm/src/algorithm/fibonacci_recursion.java</file>
            <file>file:/C:/Users/User/Documents/NetBeansProjects/Algorithm/src/algorithm/Dijkstra_unsorted.java</file>
            <file>file:/C:/Users/User/Documents/NetBeansProjects/Algorithm/src/algorithm/Zero_one_knapsack_dynamic_programming.java</file>
            <file>file:/C:/Users/User/Documents/NetBeansProjects/Algorithm/src/algorithm/s1803078__code1.java</file>
            <file>file:/C:/Users/User/Documents/NetBeansProjects/Algorithm/src/algorithm/NewClass.java</file>
        </group>
    </open-files>
</project-private>
