<?xml version="1.0" encoding="UTF-8"?>
<project-private xmlns="http://www.netbeans.org/ns/project-private/1">
    <editor-bookmarks xmlns="http://www.netbeans.org/ns/editor-bookmarks/2" lastBookmarkId="0"/>
    <open-files xmlns="http://www.netbeans.org/ns/projectui-open-files/2">
        <group>
            <file>file:/C:/Users/User/Documents/NetBeansProjects/numbertheory/src/numbertheory/primeFactorization.java</file>
            <file>file:/C:/Users/User/Documents/NetBeansProjects/numbertheory/src/numbertheory/prime.java</file>
            <file>file:/C:/Users/User/Documents/NetBeansProjects/numbertheory/src/numbertheory/primitive_root.java</file>
            <file>file:/C:/Users/User/Documents/NetBeansProjects/numbertheory/src/numbertheory/NewClass.java</file>
            <file>file:/C:/Users/User/Documents/NetBeansProjects/numbertheory/src/numbertheory/prime1.java</file>
            <file>file:/C:/Users/User/Documents/NetBeansProjects/numbertheory/src/numbertheory/modulaExponential.java</file>
            <file>file:/C:/Users/User/Documents/NetBeansProjects/numbertheory/src/numbertheory/Seive.java</file>
            <file>file:/C:/Users/User/Documents/NetBeansProjects/numbertheory/src/numbertheory/bezoutsCoefficient.java</file>
            <file>file:/C:/Users/User/Documents/NetBeansProjects/numbertheory/src/numbertheory/extended_eucledean_algo.java</file>
            <file>file:/C:/Users/User/Documents/NetBeansProjects/numbertheory/src/numbertheory/extented_eucledean.java</file>
        </group>
    </open-files>
</project-private>
