<?xml version="1.0" encoding="UTF-8"?>
<project-private xmlns="http://www.netbeans.org/ns/project-private/1">
    <editor-bookmarks xmlns="http://www.netbeans.org/ns/editor-bookmarks/2" lastBookmarkId="0"/>
    <open-files xmlns="http://www.netbeans.org/ns/projectui-open-files/2">
        <group>
            <file>file:/C:/Users/User/Documents/NetBeansProjects/Graph/src/graph/dfs_Iterative.java</file>
            <file>file:/C:/Users/User/Documents/NetBeansProjects/Graph/src/graph/Graph.java</file>
            <file>file:/C:/Users/User/Documents/NetBeansProjects/Graph/src/graph/bfs.java</file>
            <file>file:/C:/Users/User/Documents/NetBeansProjects/Graph/src/graph/dfs_iterative__recursion.java</file>
            <file>file:/C:/Users/User/Documents/NetBeansProjects/Graph/src/graph/NewClass1.java</file>
            <file>file:/C:/Users/User/Documents/NetBeansProjects/Graph/src/graph/Input_graph_and_print_graph.java</file>
            <file>file:/C:/Users/User/Documents/NetBeansProjects/Graph/src/graph/NewClass.java</file>
        </group>
    </open-files>
</project-private>
