<?xml version="1.0" encoding="UTF-8"?>
<project-private xmlns="http://www.netbeans.org/ns/project-private/1">
    <editor-bookmarks xmlns="http://www.netbeans.org/ns/editor-bookmarks/2" lastBookmarkId="0"/>
    <open-files xmlns="http://www.netbeans.org/ns/projectui-open-files/2">
        <group>
            <file>file:/C:/Users/User/Documents/NetBeansProjects/Project/src/project/MainProject.java</file>
            <file>file:/C:/Users/User/Documents/NetBeansProjects/Project/src/project/ProjectDemo1.java</file>
            <file>file:/C:/Users/User/Documents/NetBeansProjects/Project/src/project/Project2.java</file>
            <file>file:/C:/Users/User/Documents/NetBeansProjects/Project/src/project/student.java</file>
            <file>file:/C:/Users/User/Documents/NetBeansProjects/Project/src/project/ProjectDemo.java</file>
            <file>file:/C:/Users/User/Documents/NetBeansProjects/Project/src/project/Project1.java</file>
            <file>file:/C:/Users/User/Documents/NetBeansProjects/Project/src/project/Project.java</file>
        </group>
    </open-files>
</project-private>
