<?xml version="1.0" encoding="UTF-8"?>
<project-private xmlns="http://www.netbeans.org/ns/project-private/1">
    <editor-bookmarks xmlns="http://www.netbeans.org/ns/editor-bookmarks/2" lastBookmarkId="0"/>
    <open-files xmlns="http://www.netbeans.org/ns/projectui-open-files/2">
        <group>
            <file>file:/C:/Users/User/Documents/NetBeansProjects/Algorithm_lab_final/src/algorithm_lab_final/Question3_1.java</file>
            <file>file:/C:/Users/User/Documents/NetBeansProjects/Algorithm_lab_final/src/algorithm_lab_final/Question4_1.java</file>
            <file>file:/C:/Users/User/Documents/NetBeansProjects/Algorithm_lab_final/src/algorithm_lab_final/NewClass.java</file>
            <file>file:/C:/Users/User/Documents/NetBeansProjects/Algorithm_lab_final/src/algorithm_lab_final/Question3_2.java</file>
            <file>file:/C:/Users/User/Documents/NetBeansProjects/Algorithm_lab_final/src/algorithm_lab_final/Question4_2.java</file>
            <file>file:/C:/Users/User/Documents/NetBeansProjects/Algorithm_lab_final/src/algorithm_lab_final/Question1.java</file>
            <file>file:/C:/Users/User/Documents/NetBeansProjects/Algorithm_lab_final/src/algorithm_lab_final/Question5.java</file>
            <file>file:/C:/Users/User/Documents/NetBeansProjects/Algorithm_lab_final/src/algorithm_lab_final/Question2.java</file>
            <file>file:/C:/Users/User/Documents/NetBeansProjects/Algorithm_lab_final/src/algorithm_lab_final/Question6.java</file>
        </group>
    </open-files>
</project-private>
