<?xml version="1.0" encoding="UTF-8"?>
<project-private xmlns="http://www.netbeans.org/ns/project-private/1">
    <editor-bookmarks xmlns="http://www.netbeans.org/ns/editor-bookmarks/2" lastBookmarkId="0"/>
    <open-files xmlns="http://www.netbeans.org/ns/projectui-open-files/2">
        <group>
            <file>file:/C:/Users/User/Documents/NetBeansProjects/JavaApplication22/src/javaapplication22/Student.java</file>
            <file>file:/C:/Users/User/Documents/NetBeansProjects/JavaApplication22/src/javaapplication22/Bike.java</file>
            <file>file:/C:/Users/User/Documents/NetBeansProjects/JavaApplication22/src/javaapplication22/Bus.java</file>
            <file>file:/C:/Users/User/Documents/NetBeansProjects/JavaApplication22/src/javaapplication22/Teacher.java</file>
            <file>file:/C:/Users/User/Documents/NetBeansProjects/JavaApplication22/src/javaapplication22/JavaApplication22.java</file>
            <file>file:/C:/Users/User/Documents/NetBeansProjects/JavaApplication22/src/javaapplication22/Test.java</file>
        </group>
    </open-files>
</project-private>
