<?xml version="1.0" encoding="UTF-8"?>
<project-private xmlns="http://www.netbeans.org/ns/project-private/1">
    <editor-bookmarks xmlns="http://www.netbeans.org/ns/editor-bookmarks/2" lastBookmarkId="0"/>
    <open-files xmlns="http://www.netbeans.org/ns/projectui-open-files/2">
        <group>
            <file>file:/C:/Users/User/Documents/NetBeansProjects/Rezoan%20Sir%20Lab%20Code/src/rezoan/sir/lab/code/problem_1___1803078.java</file>
            <file>file:/C:/Users/User/Documents/NetBeansProjects/Rezoan%20Sir%20Lab%20Code/src/rezoan/sir/lab/code/b1803078__01.java</file>
            <file>file:/C:/Users/User/Documents/NetBeansProjects/Rezoan%20Sir%20Lab%20Code/src/rezoan/sir/lab/code/c1803078__02.java</file>
            <file>file:/C:/Users/User/Documents/NetBeansProjects/Rezoan%20Sir%20Lab%20Code/src/rezoan/sir/lab/code/Quantifier.java</file>
            <file>file:/C:/Users/User/Documents/NetBeansProjects/Rezoan%20Sir%20Lab%20Code/src/rezoan/sir/lab/code/s1803078_02.java</file>
            <file>file:/C:/Users/User/Documents/NetBeansProjects/Rezoan%20Sir%20Lab%20Code/src/rezoan/sir/lab/code/NewClass.java</file>
            <file>file:/C:/Users/User/Documents/NetBeansProjects/Rezoan%20Sir%20Lab%20Code/src/rezoan/sir/lab/code/problem_3.java</file>
            <file>file:/C:/Users/User/Documents/NetBeansProjects/Rezoan%20Sir%20Lab%20Code/src/rezoan/sir/lab/code/b1803078__03.java</file>
            <file>file:/C:/Users/User/Documents/NetBeansProjects/Rezoan%20Sir%20Lab%20Code/src/rezoan/sir/lab/code/s1803078_03.java</file>
            <file>file:/C:/Users/User/Documents/NetBeansProjects/Rezoan%20Sir%20Lab%20Code/src/rezoan/sir/lab/code/c1803078__01.java</file>
            <file>file:/C:/Users/User/Documents/NetBeansProjects/Rezoan%20Sir%20Lab%20Code/src/rezoan/sir/lab/code/s1803078_01.java</file>
            <file>file:/C:/Users/User/Documents/NetBeansProjects/Rezoan%20Sir%20Lab%20Code/src/rezoan/sir/lab/code/b1803078__02.java</file>
            <file>file:/C:/Users/User/Documents/NetBeansProjects/Rezoan%20Sir%20Lab%20Code/src/rezoan/sir/lab/code/c1803078__03.java</file>
            <file>file:/C:/Users/User/Documents/NetBeansProjects/Rezoan%20Sir%20Lab%20Code/src/rezoan/sir/lab/code/Problem_4___1803078.java</file>
            <file>file:/C:/Users/User/Documents/NetBeansProjects/Rezoan%20Sir%20Lab%20Code/src/rezoan/sir/lab/code/LabMenual2ex1.java</file>
            <file>file:/C:/Users/User/Documents/NetBeansProjects/Rezoan%20Sir%20Lab%20Code/src/rezoan/sir/lab/code/problem_2.java</file>
        </group>
    </open-files>
</project-private>
