<?xml version="1.0" encoding="UTF-8"?>
<project-private xmlns="http://www.netbeans.org/ns/project-private/1">
    <editor-bookmarks xmlns="http://www.netbeans.org/ns/editor-bookmarks/2" lastBookmarkId="0"/>
    <open-files xmlns="http://www.netbeans.org/ns/projectui-open-files/2">
        <group>
            <file>file:/C:/Users/User/Documents/NetBeansProjects/codeforces/src/codeforces/NewClass3.java</file>
            <file>file:/C:/Users/User/Documents/NetBeansProjects/codeforces/src/NewClass.java</file>
            <file>file:/C:/Users/User/Documents/NetBeansProjects/codeforces/src/codeforces/Solution.java</file>
            <file>file:/C:/Users/User/Documents/NetBeansProjects/codeforces/src/codeforces/NewClass4.java</file>
            <file>file:/C:/Users/User/Documents/NetBeansProjects/codeforces/src/codeforces/NewClass1.java</file>
            <file>file:/C:/Users/User/Documents/NetBeansProjects/codeforces/src/codeforces/helperFunction.java</file>
            <file>file:/C:/Users/User/Documents/NetBeansProjects/codeforces/src/codeforces/NewClass_144_A.java</file>
            <file>file:/C:/Users/User/Documents/NetBeansProjects/codeforces/src/codeforces/NewClass_1656_B.java</file>
            <file>file:/C:/Users/User/Documents/NetBeansProjects/codeforces/src/codeforces/NewClass_1644_A.java</file>
            <file>file:/C:/Users/User/Documents/NetBeansProjects/codeforces/src/codeforces/QuickSort.java</file>
            <file>file:/C:/Users/User/Documents/NetBeansProjects/codeforces/src/codeforces/NewClass2.java</file>
            <file>file:/C:/Users/User/Documents/NetBeansProjects/codeforces/src/codeforces/Main.java</file>
            <file>file:/C:/Users/User/Documents/NetBeansProjects/codeforces/src/codeforces/NewClass.java</file>
            <file>file:/C:/Users/User/Documents/NetBeansProjects/codeforces/src/codeforces/NewClass_339B.java</file>
            <file>file:/C:/Users/User/Documents/NetBeansProjects/codeforces/src/codeforces/NewClass5.java</file>
        </group>
    </open-files>
</project-private>
