<?xml version="1.0" encoding="UTF-8"?>
<project-private xmlns="http://www.netbeans.org/ns/project-private/1">
    <editor-bookmarks xmlns="http://www.netbeans.org/ns/editor-bookmarks/2" lastBookmarkId="0"/>
    <open-files xmlns="http://www.netbeans.org/ns/projectui-open-files/2">
        <group>
            <file>file:/C:/Users/User/Documents/NetBeansProjects/Misu%20mem%20Lab%20code/src/misu/mem/lab/code/Gauss_Forward.java</file>
            <file>file:/C:/Users/User/Documents/NetBeansProjects/Misu%20mem%20Lab%20code/src/misu/mem/lab/code/s1803078__Example6point9.java</file>
            <file>file:/C:/Users/User/Documents/NetBeansProjects/Misu%20mem%20Lab%20code/src/misu/mem/lab/code/NonLinearNewtonrapson.java</file>
            <file>file:/C:/Users/User/Documents/NetBeansProjects/Misu%20mem%20Lab%20code/src/misu/mem/lab/code/NonlinearIteration.java</file>
            <file>file:/C:/Users/User/Documents/NetBeansProjects/Misu%20mem%20Lab%20code/src/misu/mem/lab/code/s1803078.java</file>
            <file>file:/C:/Users/User/Documents/NetBeansProjects/Misu%20mem%20Lab%20code/src/misu/mem/lab/code/NewtonsForwardInterpolation.java</file>
            <file>file:/C:/Users/User/Documents/NetBeansProjects/Misu%20mem%20Lab%20code/src/misu/mem/lab/code/NewtonsForward_sir.java</file>
            <file>file:/C:/Users/User/Documents/NetBeansProjects/Misu%20mem%20Lab%20code/src/misu/mem/lab/code/NumericalDifferentiation.java</file>
            <file>file:/C:/Users/User/Documents/NetBeansProjects/Misu%20mem%20Lab%20code/src/misu/mem/lab/code/s1803078_Example6point10.java</file>
            <file>file:/C:/Users/User/Documents/NetBeansProjects/Misu%20mem%20Lab%20code/src/misu/mem/lab/code/NewtonForwardInterpolation.java</file>
            <file>file:/C:/Users/User/Documents/NetBeansProjects/Misu%20mem%20Lab%20code/src/misu/mem/lab/code/example7point3.java</file>
            <file>file:/C:/Users/User/Documents/NetBeansProjects/Misu%20mem%20Lab%20code/src/misu/mem/lab/code/NumericalIntegrationExample6point10.java</file>
            <file>file:/C:/Users/User/Documents/NetBeansProjects/Misu%20mem%20Lab%20code/src/misu/mem/lab/code/Newtons_Forward_1803078.java</file>
            <file>file:/C:/Users/User/Documents/NetBeansProjects/Misu%20mem%20Lab%20code/src/misu/mem/lab/code/Matrix_Norm.java</file>
            <file>file:/C:/Users/User/Documents/NetBeansProjects/Misu%20mem%20Lab%20code/src/misu/mem/lab/code/NumericalIntegrationTrapizoidalRule.java</file>
            <file>file:/C:/Users/User/Documents/NetBeansProjects/Misu%20mem%20Lab%20code/src/misu/mem/lab/code/Newtons_Backward_1803078.java</file>
            <file>file:/C:/Users/User/Documents/NetBeansProjects/Misu%20mem%20Lab%20code/src/misu/mem/lab/code/Matrix_lowerTriangle_or_UpperTriangle_check.java</file>
            <file>file:/C:/Users/User/Documents/NetBeansProjects/Misu%20mem%20Lab%20code/src/misu/mem/lab/code/B_1803078_question_b.java</file>
        </group>
    </open-files>
</project-private>
